"writer","N"
"Amy Keating Rogers",17
"M. A. Larson",18
"Meghan McCarthy",27
"Josh Haber",22
"Cindy Morrow",11
"Dave Polsky",14
"Nick Confalone",9
"Michael Vogel",13
"Charlotte Fullerton",7
"Gillian M. Berrow",5
"Merriwether Williams",7
"Josh Hamilton",4
"Natasha Levinger",4
"Nicole Dubuc",7
"Corey Powell",4
"Chris Savino",2
"Kevin Lappin",3
"May Chan",2
"Kaita Mpambara",2
"Lauren Faust",3
"Brian Hohlfeld",2
"Noelle Benvenuti",2
"Scott Sonneborn",5
"Kim Beyer-Johnson",1
"Jennifer Skelly",1
"Neal Dusedau",3
"Dave Rapp",4
"Brittany Jo Flores",1
"Becky Wangberg",1
"Ed Valentine",4
"Gregory Bonsignore",1
"F.M. De Marco",1
"Teddy Antonio",1
"Jayson Thiessen",4
"Betsy McGowen",1
"Jim Miller",3
"Joanna Lewis",9
"Fox",6
"Kevin Burke",3
"Sammie Crowley & Whitney Wetta",2
"Barry Safchik & Michael Platt",1
